lighting_score,incident_count,dog_reports,activity_level,safe_places,time_of_day,ai_lighting_issue,ai_dog_issue,safety_indicator
0.95,0,0,0.95,10,17,0,0,0.98
0.90,0,0,0.90,8,18,0,0,0.95
0.85,1,0,0.85,8,18,0,0,0.92
0.80,1,1,0.80,7,19,0,0,0.88
0.75,2,1,0.75,6,20,0,0,0.82
0.65,3,2,0.65,5,21,0,0,0.72
0.60,3,2,0.60,4,21,1,0,0.60
0.55,4,3,0.55,3,22,1,0,0.52
0.45,5,4,0.45,3,22,1,1,0.40
0.35,6,5,0.35,2,23,1,1,0.28
0.25,8,6,0.25,1,0,1,1,0.18
0.15,10,8,0.15,0,1,1,1,0.08
0.90,0,1,0.90,9,18,0,1,0.78
0.80,1,2,0.80,7,19,0,1,0.70
0.70,2,2,0.70,6,20,1,1,0.55
0.50,4,4,0.50,3,22,1,1,0.35